,index,entity_id,event_type,event,time,pathway,run_number,timestamp,resource_id,rank,snapshot_time,x,y_final,label,resource,x_final,row,y,icon
0,1,1,queue,depart,0.0,,,,,1.0,9,400,125.0,Exit,,400.0,0.0,,ğŸ§”ğŸ¼
1,3,2,queue,depart,2.3361896558244535,,,,,1.0,10,400,125.0,Exit,,400.0,0.0,,ğŸ‘¨ğŸ¿â€ğŸ¦¯
2,5,3,queue,depart,2.4226270555228306,,,,,1.0,11,400,125.0,Exit,,400.0,0.0,,ğŸ‘¨ğŸ»â€ğŸ¦°
3,11,6,queue,depart,6.004254143460049,,,,,1.0,14,400,125.0,Exit,,400.0,0.0,,ğŸ¤°
4,13,7,queue,depart,6.0958314108502405,,,,,2.0,14,400,125.0,Exit,,380.0,0.0,,ğŸ‘³ğŸ½
5,7,4,queue,depart,5.5469230120723285,,,,,1.0,15,400,125.0,Exit,,400.0,0.0,,ğŸ§‘ğŸ»
6,9,5,queue,depart,5.617359318870137,,,,,2.0,15,400,125.0,Exit,,380.0,0.0,,ğŸ‘©ğŸ¿â€ğŸ¦±
7,15,8,queue,depart,6.50881674058873,,,,,3.0,15,400,125.0,Exit,,360.0,0.0,,ğŸ‘©ğŸ¼â€ğŸ¦³
8,17,9,queue,depart,8.346787004733192,,,,,1.0,17,400,125.0,Exit,,400.0,0.0,,ğŸ‘¨ğŸ¿â€ğŸ¦³
9,22,11,queue,depart,8.943505965419563,,,,,2.0,17,400,125.0,Exit,,380.0,0.0,,ğŸ§ğŸ½â€â™€ï¸
10,20,10,queue,depart,8.76387371104501,,,,,1.0,18,400,125.0,Exit,,400.0,0.0,,ğŸ‘©ğŸ¼â€ğŸ¦±
11,28,13,queue,depart,10.668801159242141,,,,,2.0,18,400,125.0,Exit,,380.0,0.0,,ğŸ‘©ğŸ»â€ğŸ¦°
12,25,12,queue,depart,10.20771282298467,,,,,1.0,20,400,125.0,Exit,,400.0,0.0,,ğŸ‘¨ğŸ¼â€ğŸ”¬
13,30,14,queue,depart,10.990712380148452,,,,,2.0,20,400,125.0,Exit,,380.0,0.0,,ğŸ§•ğŸ¿
14,32,15,queue,depart,12.324414805180336,,,,,1.0,21,400,125.0,Exit,,400.0,0.0,,ğŸ‘¨ğŸ¼â€ğŸ¦½
15,35,16,queue,depart,13.678752793045508,,,,,1.0,22,400,125.0,Exit,,400.0,0.0,,ğŸ‘´ğŸ¾
16,40,18,queue,depart,14.020828740491329,,,,,2.0,22,400,125.0,Exit,,380.0,0.0,,ğŸ‘·ğŸ¾
17,38,17,queue,depart,13.99968898408154,,,,,1.0,23,400,125.0,Exit,,400.0,0.0,,ğŸ‘¨ğŸ¼â€ğŸ¦±
18,49,19,queue,depart,18.016585011676167,,,,,1.0,26,400,125.0,Exit,,400.0,0.0,,ğŸ‘§ğŸ¿
19,51,20,queue,depart,18.414341265583403,,,,,1.0,28,400,125.0,Exit,,400.0,0.0,,ğŸ™ğŸ¼â€â™‚ï¸
20,54,21,queue,depart,19.497666400455014,,,,,2.0,28,400,125.0,Exit,,380.0,0.0,,ğŸ‘©ğŸ»â€ğŸ¦²
21,61,22,queue,depart,24.80754919621479,,,,,1.0,34,400,125.0,Exit,,400.0,0.0,,ğŸ§”ğŸ¾
22,66,24,queue,depart,26.80764346501159,,,,,2.0,34,400,125.0,Exit,,380.0,0.0,,ğŸ‘¨ğŸ¾â€ğŸ“
23,64,23,queue,depart,25.851040678191392,,,,,1.0,35,400,125.0,Exit,,400.0,0.0,,ğŸ§•ğŸ»
24,70,25,queue,depart,28.835645046167837,,,,,1.0,37,400,125.0,Exit,,400.0,0.0,,ğŸ‘¨ğŸ¾â€ğŸ¦²
25,72,26,queue,depart,29.760467281290612,,,,,1.0,38,400,125.0,Exit,,400.0,0.0,,ğŸ‘¨ğŸ¿â€ğŸ¦°
26,76,28,queue,depart,32.18019316181879,,,,,1.0,40,400,125.0,Exit,,400.0,0.0,,ğŸ™‹ğŸ¾â€â™€ï¸
27,78,29,queue,depart,32.29787547989388,,,,,2.0,40,400,125.0,Exit,,380.0,0.0,,ğŸ‘©ğŸ»â€ğŸ”§
28,84,32,queue,depart,33.26300013012969,,,,,3.0,40,400,125.0,Exit,,360.0,0.0,,ğŸ‘©ğŸ¼â€ğŸ¦¼
29,74,27,queue,depart,31.89141016713499,,,,,1.0,41,400,125.0,Exit,,400.0,0.0,,ğŸ™ğŸ¼â€â™‚ï¸
30,82,31,queue,depart,32.933757934128984,,,,,2.0,41,400,125.0,Exit,,380.0,0.0,,ğŸ‘©ğŸ¼â€ğŸ¦³
31,80,30,queue,depart,32.74649047866081,,,,,1.0,42,400,125.0,Exit,,400.0,0.0,,ğŸ‘¨ğŸ¿â€ğŸ¦½
32,86,33,queue,depart,33.567830999936454,,,,,2.0,42,400,125.0,Exit,,380.0,0.0,,ğŸ™‹ğŸ½â€â™‚ï¸
33,94,35,queue,depart,37.86614188977071,,,,,1.0,45,400,125.0,Exit,,400.0,0.0,,ğŸ‘´ğŸ»
34,91,34,queue,depart,35.81970956463757,,,,,1.0,46,400,125.0,Exit,,400.0,0.0,,ğŸ‘©ğŸ¿â€ğŸ“
35,101,38,queue,depart,39.00002570009358,,,,,2.0,46,400,125.0,Exit,,380.0,0.0,,ğŸ‘¨ğŸ»â€âœˆï¸
36,97,36,queue,depart,38.5930725733376,,,,,1.0,47,400,125.0,Exit,,400.0,0.0,,ğŸ¤·ğŸ»â€â™€ï¸
37,99,37,queue,depart,38.812126705083095,,,,,1.0,48,400,125.0,Exit,,400.0,0.0,,ğŸ‘¶ğŸ¾
38,103,39,queue,depart,39.41386477611405,,,,,2.0,48,400,125.0,Exit,,380.0,0.0,,ğŸ™ğŸ¿â€â™€ï¸
39,110,40,queue,depart,40.95558501214832,,,,,1.0,49,400,125.0,Exit,,400.0,0.0,,ğŸ‘¶ğŸ»
40,114,41,queue,depart,42.14500594884129,,,,,1.0,51,400,125.0,Exit,,400.0,0.0,,ğŸ‘´ğŸ¿
41,116,42,queue,depart,42.54443166689828,,,,,2.0,51,400,125.0,Exit,,380.0,0.0,,ğŸ‘¨ğŸ»â€ğŸ¦³
42,118,43,queue,depart,43.51610858838449,,,,,3.0,51,400,125.0,Exit,,360.0,0.0,,ğŸ‘©ğŸ½
43,123,44,queue,depart,46.24541903537503,,,,,1.0,53,400,125.0,Exit,,400.0,0.0,,ğŸ‘©ğŸ½â€ğŸ¦³
44,126,45,queue,depart,46.59821392148591,,,,,1.0,54,400,125.0,Exit,,400.0,0.0,,ğŸ§ğŸ¼â€â™‚ï¸
45,128,46,queue,depart,46.69134610084713,,,,,1.0,56,400,125.0,Exit,,400.0,0.0,,ğŸ‘©ğŸ½â€ğŸ“
46,132,47,queue,depart,48.089104524117296,,,,,1.0,57,400,125.0,Exit,,400.0,0.0,,ğŸ‘±ğŸ»â€â™€ï¸
47,134,48,queue,depart,48.375347512763945,,,,,2.0,57,400,125.0,Exit,,380.0,0.0,,ğŸ‘²ğŸ¼
48,137,49,queue,depart,49.15444470037655,,,,,3.0,57,400,125.0,Exit,,360.0,0.0,,ğŸ§•ğŸ¾
49,139,50,queue,depart,49.62674563838146,,,,,1.0,58,400,125.0,Exit,,400.0,0.0,,ğŸ‘¨ğŸ»â€ğŸ¦¯
50,144,51,queue,depart,51.21425461888144,,,,,2.0,58,400,125.0,Exit,,380.0,0.0,,ğŸ§”ğŸ¿
51,7,4,queue,wait_here_blood_test,5.5469230120723285,,,,,1.0,6,200,125.0,Having a blood test,,200.0,0.0,,ğŸ§‘ğŸ»
52,7,4,queue,wait_here_blood_test,5.5469230120723285,,,,,1.0,7,200,125.0,Having a blood test,,200.0,0.0,,ğŸ§‘ğŸ»
53,11,6,queue,wait_here_blood_test,6.004254143460049,,,,,2.0,7,200,125.0,Having a blood test,,180.0,0.0,,ğŸ¤°
54,15,8,queue,wait_here_blood_test,6.50881674058873,,,,,3.0,7,200,125.0,Having a blood test,,160.0,0.0,,ğŸ‘©ğŸ¼â€ğŸ¦³
55,7,4,queue,wait_here_blood_test,5.5469230120723285,,,,,1.0,8,200,125.0,Having a blood test,,200.0,0.0,,ğŸ§‘ğŸ»
56,11,6,queue,wait_here_blood_test,6.004254143460049,,,,,2.0,8,200,125.0,Having a blood test,,180.0,0.0,,ğŸ¤°
57,15,8,queue,wait_here_blood_test,6.50881674058873,,,,,3.0,8,200,125.0,Having a blood test,,160.0,0.0,,ğŸ‘©ğŸ¼â€ğŸ¦³
58,7,4,queue,wait_here_blood_test,5.5469230120723285,,,,,1.0,9,200,125.0,Having a blood test,,200.0,0.0,,ğŸ§‘ğŸ»
59,11,6,queue,wait_here_blood_test,6.004254143460049,,,,,2.0,9,200,125.0,Having a blood test,,180.0,0.0,,ğŸ¤°
60,15,8,queue,wait_here_blood_test,6.50881674058873,,,,,3.0,9,200,125.0,Having a blood test,,160.0,0.0,,ğŸ‘©ğŸ¼â€ğŸ¦³
61,7,4,queue,wait_here_blood_test,5.5469230120723285,,,,,1.0,10,200,125.0,Having a blood test,,200.0,0.0,,ğŸ§‘ğŸ»
62,11,6,queue,wait_here_blood_test,6.004254143460049,,,,,2.0,10,200,125.0,Having a blood test,,180.0,0.0,,ğŸ¤°
63,15,8,queue,wait_here_blood_test,6.50881674058873,,,,,3.0,10,200,125.0,Having a blood test,,160.0,0.0,,ğŸ‘©ğŸ¼â€ğŸ¦³
64,7,4,queue,wait_here_blood_test,5.5469230120723285,,,,,1.0,11,200,125.0,Having a blood test,,200.0,0.0,,ğŸ§‘ğŸ»
65,11,6,queue,wait_here_blood_test,6.004254143460049,,,,,2.0,11,200,125.0,Having a blood test,,180.0,0.0,,ğŸ¤°
66,15,8,queue,wait_here_blood_test,6.50881674058873,,,,,3.0,11,200,125.0,Having a blood test,,160.0,0.0,,ğŸ‘©ğŸ¼â€ğŸ¦³
67,25,12,queue,wait_here_blood_test,10.20771282298467,,,,,4.0,11,200,125.0,Having a blood test,,140.0,0.0,,ğŸ‘¨ğŸ¼â€ğŸ”¬
68,7,4,queue,wait_here_blood_test,5.5469230120723285,,,,,1.0,12,200,125.0,Having a blood test,,200.0,0.0,,ğŸ§‘ğŸ»
69,11,6,queue,wait_here_blood_test,6.004254143460049,,,,,2.0,12,200,125.0,Having a blood test,,180.0,0.0,,ğŸ¤°
70,15,8,queue,wait_here_blood_test,6.50881674058873,,,,,3.0,12,200,125.0,Having a blood test,,160.0,0.0,,ğŸ‘©ğŸ¼â€ğŸ¦³
71,25,12,queue,wait_here_blood_test,10.20771282298467,,,,,4.0,12,200,125.0,Having a blood test,,140.0,0.0,,ğŸ‘¨ğŸ¼â€ğŸ”¬
72,7,4,queue,wait_here_blood_test,5.5469230120723285,,,,,1.0,13,200,125.0,Having a blood test,,200.0,0.0,,ğŸ§‘ğŸ»
73,11,6,queue,wait_here_blood_test,6.004254143460049,,,,,2.0,13,200,125.0,Having a blood test,,180.0,0.0,,ğŸ¤°
74,15,8,queue,wait_here_blood_test,6.50881674058873,,,,,3.0,13,200,125.0,Having a blood test,,160.0,0.0,,ğŸ‘©ğŸ¼â€ğŸ¦³
75,25,12,queue,wait_here_blood_test,10.20771282298467,,,,,4.0,13,200,125.0,Having a blood test,,140.0,0.0,,ğŸ‘¨ğŸ¼â€ğŸ”¬
76,7,4,queue,wait_here_blood_test,5.5469230120723285,,,,,1.0,14,200,125.0,Having a blood test,,200.0,0.0,,ğŸ§‘ğŸ»
77,15,8,queue,wait_here_blood_test,6.50881674058873,,,,,2.0,14,200,125.0,Having a blood test,,180.0,0.0,,ğŸ‘©ğŸ¼â€ğŸ¦³
78,25,12,queue,wait_here_blood_test,10.20771282298467,,,,,3.0,14,200,125.0,Having a blood test,,160.0,0.0,,ğŸ‘¨ğŸ¼â€ğŸ”¬
79,35,16,queue,wait_here_blood_test,13.678752793045508,,,,,4.0,14,200,125.0,Having a blood test,,140.0,0.0,,ğŸ‘´ğŸ¾
80,25,12,queue,wait_here_blood_test,10.20771282298467,,,,,1.0,15,200,125.0,Having a blood test,,200.0,0.0,,ğŸ‘¨ğŸ¼â€ğŸ”¬
81,35,16,queue,wait_here_blood_test,13.678752793045508,,,,,2.0,15,200,125.0,Having a blood test,,180.0,0.0,,ğŸ‘´ğŸ¾
82,25,12,queue,wait_here_blood_test,10.20771282298467,,,,,1.0,16,200,125.0,Having a blood test,,200.0,0.0,,ğŸ‘¨ğŸ¼â€ğŸ”¬
83,35,16,queue,wait_here_blood_test,13.678752793045508,,,,,2.0,16,200,125.0,Having a blood test,,180.0,0.0,,ğŸ‘´ğŸ¾
84,25,12,queue,wait_here_blood_test,10.20771282298467,,,,,1.0,17,200,125.0,Having a blood test,,200.0,0.0,,ğŸ‘¨ğŸ¼â€ğŸ”¬
85,35,16,queue,wait_here_blood_test,13.678752793045508,,,,,2.0,17,200,125.0,Having a blood test,,180.0,0.0,,ğŸ‘´ğŸ¾
86,25,12,queue,wait_here_blood_test,10.20771282298467,,,,,1.0,18,200,125.0,Having a blood test,,200.0,0.0,,ğŸ‘¨ğŸ¼â€ğŸ”¬
87,35,16,queue,wait_here_blood_test,13.678752793045508,,,,,2.0,18,200,125.0,Having a blood test,,180.0,0.0,,ğŸ‘´ğŸ¾
88,25,12,queue,wait_here_blood_test,10.20771282298467,,,,,1.0,19,200,125.0,Having a blood test,,200.0,0.0,,ğŸ‘¨ğŸ¼â€ğŸ”¬
89,35,16,queue,wait_here_blood_test,13.678752793045508,,,,,2.0,19,200,125.0,Having a blood test,,180.0,0.0,,ğŸ‘´ğŸ¾
90,49,19,queue,wait_here_blood_test,18.016585011676167,,,,,3.0,19,200,125.0,Having a blood test,,160.0,0.0,,ğŸ‘§ğŸ¿
91,35,16,queue,wait_here_blood_test,13.678752793045508,,,,,1.0,20,200,125.0,Having a blood test,,200.0,0.0,,ğŸ‘´ğŸ¾
92,49,19,queue,wait_here_blood_test,18.016585011676167,,,,,2.0,20,200,125.0,Having a blood test,,180.0,0.0,,ğŸ‘§ğŸ¿
93,35,16,queue,wait_here_blood_test,13.678752793045508,,,,,1.0,21,200,125.0,Having a blood test,,200.0,0.0,,ğŸ‘´ğŸ¾
94,49,19,queue,wait_here_blood_test,18.016585011676167,,,,,2.0,21,200,125.0,Having a blood test,,180.0,0.0,,ğŸ‘§ğŸ¿
95,49,19,queue,wait_here_blood_test,18.016585011676167,,,,,1.0,22,200,125.0,Having a blood test,,200.0,0.0,,ğŸ‘§ğŸ¿
96,49,19,queue,wait_here_blood_test,18.016585011676167,,,,,1.0,23,200,125.0,Having a blood test,,200.0,0.0,,ğŸ‘§ğŸ¿
97,49,19,queue,wait_here_blood_test,18.016585011676167,,,,,1.0,24,200,125.0,Having a blood test,,200.0,0.0,,ğŸ‘§ğŸ¿
98,49,19,queue,wait_here_blood_test,18.016585011676167,,,,,1.0,25,200,125.0,Having a blood test,,200.0,0.0,,ğŸ‘§ğŸ¿
99,66,24,queue,wait_here_blood_test,26.80764346501159,,,,,1.0,27,200,125.0,Having a blood test,,200.0,0.0,,ğŸ‘¨ğŸ¾â€ğŸ“
100,66,24,queue,wait_here_blood_test,26.80764346501159,,,,,1.0,28,200,125.0,Having a blood test,,200.0,0.0,,ğŸ‘¨ğŸ¾â€ğŸ“
101,66,24,queue,wait_here_blood_test,26.80764346501159,,,,,1.0,29,200,125.0,Having a blood test,,200.0,0.0,,ğŸ‘¨ğŸ¾â€ğŸ“
102,66,24,queue,wait_here_blood_test,26.80764346501159,,,,,1.0,30,200,125.0,Having a blood test,,200.0,0.0,,ğŸ‘¨ğŸ¾â€ğŸ“
103,66,24,queue,wait_here_blood_test,26.80764346501159,,,,,1.0,31,200,125.0,Having a blood test,,200.0,0.0,,ğŸ‘¨ğŸ¾â€ğŸ“
104,66,24,queue,wait_here_blood_test,26.80764346501159,,,,,1.0,32,200,125.0,Having a blood test,,200.0,0.0,,ğŸ‘¨ğŸ¾â€ğŸ“
105,66,24,queue,wait_here_blood_test,26.80764346501159,,,,,1.0,33,200,125.0,Having a blood test,,200.0,0.0,,ğŸ‘¨ğŸ¾â€ğŸ“
106,82,31,queue,wait_here_blood_test,32.933757934128984,,,,,2.0,33,200,125.0,Having a blood test,,180.0,0.0,,ğŸ‘©ğŸ¼â€ğŸ¦³
107,82,31,queue,wait_here_blood_test,32.933757934128984,,,,,1.0,34,200,125.0,Having a blood test,,200.0,0.0,,ğŸ‘©ğŸ¼â€ğŸ¦³
108,82,31,queue,wait_here_blood_test,32.933757934128984,,,,,1.0,35,200,125.0,Having a blood test,,200.0,0.0,,ğŸ‘©ğŸ¼â€ğŸ¦³
109,82,31,queue,wait_here_blood_test,32.933757934128984,,,,,1.0,36,200,125.0,Having a blood test,,200.0,0.0,,ğŸ‘©ğŸ¼â€ğŸ¦³
110,82,31,queue,wait_here_blood_test,32.933757934128984,,,,,1.0,37,200,125.0,Having a blood test,,200.0,0.0,,ğŸ‘©ğŸ¼â€ğŸ¦³
111,82,31,queue,wait_here_blood_test,32.933757934128984,,,,,1.0,38,200,125.0,Having a blood test,,200.0,0.0,,ğŸ‘©ğŸ¼â€ğŸ¦³
112,82,31,queue,wait_here_blood_test,32.933757934128984,,,,,1.0,39,200,125.0,Having a blood test,,200.0,0.0,,ğŸ‘©ğŸ¼â€ğŸ¦³
113,97,36,queue,wait_here_blood_test,38.5930725733376,,,,,2.0,39,200,125.0,Having a blood test,,180.0,0.0,,ğŸ¤·ğŸ»â€â™€ï¸
114,99,37,queue,wait_here_blood_test,38.812126705083095,,,,,3.0,39,200,125.0,Having a blood test,,160.0,0.0,,ğŸ‘¶ğŸ¾
115,82,31,queue,wait_here_blood_test,32.933757934128984,,,,,1.0,40,200,125.0,Having a blood test,,200.0,0.0,,ğŸ‘©ğŸ¼â€ğŸ¦³
116,97,36,queue,wait_here_blood_test,38.5930725733376,,,,,2.0,40,200,125.0,Having a blood test,,180.0,0.0,,ğŸ¤·ğŸ»â€â™€ï¸
117,99,37,queue,wait_here_blood_test,38.812126705083095,,,,,3.0,40,200,125.0,Having a blood test,,160.0,0.0,,ğŸ‘¶ğŸ¾
118,97,36,queue,wait_here_blood_test,38.5930725733376,,,,,1.0,41,200,125.0,Having a blood test,,200.0,0.0,,ğŸ¤·ğŸ»â€â™€ï¸
119,99,37,queue,wait_here_blood_test,38.812126705083095,,,,,2.0,41,200,125.0,Having a blood test,,180.0,0.0,,ğŸ‘¶ğŸ¾
120,97,36,queue,wait_here_blood_test,38.5930725733376,,,,,1.0,42,200,125.0,Having a blood test,,200.0,0.0,,ğŸ¤·ğŸ»â€â™€ï¸
121,99,37,queue,wait_here_blood_test,38.812126705083095,,,,,2.0,42,200,125.0,Having a blood test,,180.0,0.0,,ğŸ‘¶ğŸ¾
122,97,36,queue,wait_here_blood_test,38.5930725733376,,,,,1.0,43,200,125.0,Having a blood test,,200.0,0.0,,ğŸ¤·ğŸ»â€â™€ï¸
123,99,37,queue,wait_here_blood_test,38.812126705083095,,,,,2.0,43,200,125.0,Having a blood test,,180.0,0.0,,ğŸ‘¶ğŸ¾
124,116,42,queue,wait_here_blood_test,42.54443166689828,,,,,3.0,43,200,125.0,Having a blood test,,160.0,0.0,,ğŸ‘¨ğŸ»â€ğŸ¦³
125,97,36,queue,wait_here_blood_test,38.5930725733376,,,,,1.0,44,200,125.0,Having a blood test,,200.0,0.0,,ğŸ¤·ğŸ»â€â™€ï¸
126,99,37,queue,wait_here_blood_test,38.812126705083095,,,,,2.0,44,200,125.0,Having a blood test,,180.0,0.0,,ğŸ‘¶ğŸ¾
127,116,42,queue,wait_here_blood_test,42.54443166689828,,,,,3.0,44,200,125.0,Having a blood test,,160.0,0.0,,ğŸ‘¨ğŸ»â€ğŸ¦³
128,97,36,queue,wait_here_blood_test,38.5930725733376,,,,,1.0,45,200,125.0,Having a blood test,,200.0,0.0,,ğŸ¤·ğŸ»â€â™€ï¸
129,99,37,queue,wait_here_blood_test,38.812126705083095,,,,,2.0,45,200,125.0,Having a blood test,,180.0,0.0,,ğŸ‘¶ğŸ¾
130,116,42,queue,wait_here_blood_test,42.54443166689828,,,,,3.0,45,200,125.0,Having a blood test,,160.0,0.0,,ğŸ‘¨ğŸ»â€ğŸ¦³
131,97,36,queue,wait_here_blood_test,38.5930725733376,,,,,1.0,46,200,125.0,Having a blood test,,200.0,0.0,,ğŸ¤·ğŸ»â€â™€ï¸
132,99,37,queue,wait_here_blood_test,38.812126705083095,,,,,2.0,46,200,125.0,Having a blood test,,180.0,0.0,,ğŸ‘¶ğŸ¾
133,116,42,queue,wait_here_blood_test,42.54443166689828,,,,,3.0,46,200,125.0,Having a blood test,,160.0,0.0,,ğŸ‘¨ğŸ»â€ğŸ¦³
134,99,37,queue,wait_here_blood_test,38.812126705083095,,,,,1.0,47,200,125.0,Having a blood test,,200.0,0.0,,ğŸ‘¶ğŸ¾
135,116,42,queue,wait_here_blood_test,42.54443166689828,,,,,2.0,47,200,125.0,Having a blood test,,180.0,0.0,,ğŸ‘¨ğŸ»â€ğŸ¦³
136,128,46,queue,wait_here_blood_test,46.69134610084713,,,,,3.0,47,200,125.0,Having a blood test,,160.0,0.0,,ğŸ‘©ğŸ½â€ğŸ“
137,116,42,queue,wait_here_blood_test,42.54443166689828,,,,,1.0,48,200,125.0,Having a blood test,,200.0,0.0,,ğŸ‘¨ğŸ»â€ğŸ¦³
138,128,46,queue,wait_here_blood_test,46.69134610084713,,,,,2.0,48,200,125.0,Having a blood test,,180.0,0.0,,ğŸ‘©ğŸ½â€ğŸ“
139,116,42,queue,wait_here_blood_test,42.54443166689828,,,,,1.0,49,200,125.0,Having a blood test,,200.0,0.0,,ğŸ‘¨ğŸ»â€ğŸ¦³
140,128,46,queue,wait_here_blood_test,46.69134610084713,,,,,2.0,49,200,125.0,Having a blood test,,180.0,0.0,,ğŸ‘©ğŸ½â€ğŸ“
141,132,47,queue,wait_here_blood_test,48.089104524117296,,,,,3.0,49,200,125.0,Having a blood test,,160.0,0.0,,ğŸ‘±ğŸ»â€â™€ï¸
142,116,42,queue,wait_here_blood_test,42.54443166689828,,,,,1.0,50,200,125.0,Having a blood test,,200.0,0.0,,ğŸ‘¨ğŸ»â€ğŸ¦³
143,128,46,queue,wait_here_blood_test,46.69134610084713,,,,,2.0,50,200,125.0,Having a blood test,,180.0,0.0,,ğŸ‘©ğŸ½â€ğŸ“
144,132,47,queue,wait_here_blood_test,48.089104524117296,,,,,3.0,50,200,125.0,Having a blood test,,160.0,0.0,,ğŸ‘±ğŸ»â€â™€ï¸
145,137,49,queue,wait_here_blood_test,49.15444470037655,,,,,4.0,50,200,125.0,Having a blood test,,140.0,0.0,,ğŸ§•ğŸ¾
146,128,46,queue,wait_here_blood_test,46.69134610084713,,,,,1.0,51,200,125.0,Having a blood test,,200.0,0.0,,ğŸ‘©ğŸ½â€ğŸ“
147,132,47,queue,wait_here_blood_test,48.089104524117296,,,,,2.0,51,200,125.0,Having a blood test,,180.0,0.0,,ğŸ‘±ğŸ»â€â™€ï¸
148,137,49,queue,wait_here_blood_test,49.15444470037655,,,,,3.0,51,200,125.0,Having a blood test,,160.0,0.0,,ğŸ§•ğŸ¾
149,128,46,queue,wait_here_blood_test,46.69134610084713,,,,,1.0,52,200,125.0,Having a blood test,,200.0,0.0,,ğŸ‘©ğŸ½â€ğŸ“
150,132,47,queue,wait_here_blood_test,48.089104524117296,,,,,2.0,52,200,125.0,Having a blood test,,180.0,0.0,,ğŸ‘±ğŸ»â€â™€ï¸
151,137,49,queue,wait_here_blood_test,49.15444470037655,,,,,3.0,52,200,125.0,Having a blood test,,160.0,0.0,,ğŸ§•ğŸ¾
152,128,46,queue,wait_here_blood_test,46.69134610084713,,,,,1.0,53,200,125.0,Having a blood test,,200.0,0.0,,ğŸ‘©ğŸ½â€ğŸ“
153,132,47,queue,wait_here_blood_test,48.089104524117296,,,,,2.0,53,200,125.0,Having a blood test,,180.0,0.0,,ğŸ‘±ğŸ»â€â™€ï¸
154,137,49,queue,wait_here_blood_test,49.15444470037655,,,,,3.0,53,200,125.0,Having a blood test,,160.0,0.0,,ğŸ§•ğŸ¾
155,128,46,queue,wait_here_blood_test,46.69134610084713,,,,,1.0,54,200,125.0,Having a blood test,,200.0,0.0,,ğŸ‘©ğŸ½â€ğŸ“
156,132,47,queue,wait_here_blood_test,48.089104524117296,,,,,2.0,54,200,125.0,Having a blood test,,180.0,0.0,,ğŸ‘±ğŸ»â€â™€ï¸
157,137,49,queue,wait_here_blood_test,49.15444470037655,,,,,3.0,54,200,125.0,Having a blood test,,160.0,0.0,,ğŸ§•ğŸ¾
158,128,46,queue,wait_here_blood_test,46.69134610084713,,,,,1.0,55,200,125.0,Having a blood test,,200.0,0.0,,ğŸ‘©ğŸ½â€ğŸ“
159,132,47,queue,wait_here_blood_test,48.089104524117296,,,,,2.0,55,200,125.0,Having a blood test,,180.0,0.0,,ğŸ‘±ğŸ»â€â™€ï¸
160,137,49,queue,wait_here_blood_test,49.15444470037655,,,,,3.0,55,200,125.0,Having a blood test,,160.0,0.0,,ğŸ§•ğŸ¾
161,132,47,queue,wait_here_blood_test,48.089104524117296,,,,,1.0,56,200,125.0,Having a blood test,,200.0,0.0,,ğŸ‘±ğŸ»â€â™€ï¸
162,137,49,queue,wait_here_blood_test,49.15444470037655,,,,,2.0,56,200,125.0,Having a blood test,,180.0,0.0,,ğŸ§•ğŸ¾
163,163,57,queue,wait_here_blood_test,57.60691810926713,,,,,1.0,58,200,125.0,Having a blood test,,200.0,0.0,,ğŸ§ğŸ¾â€â™‚ï¸
164,163,57,queue,wait_here_blood_test,57.60691810926713,,,,,1.0,59,200,125.0,Having a blood test,,200.0,0.0,,ğŸ§ğŸ¾â€â™‚ï¸
165,163,57,queue,wait_here_blood_test,57.60691810926713,,,,,1.0,60,200,125.0,Having a blood test,,200.0,0.0,,ğŸ§ğŸ¾â€â™‚ï¸
166,1,1,queue,wait_here_doctor_consult,0.0,,,,,1.0,0,200,225.0,Seeing a doctor,,200.0,0.0,,ğŸ§”ğŸ¼
167,1,1,queue,wait_here_doctor_consult,0.0,,,,,1.0,1,200,225.0,Seeing a doctor,,200.0,0.0,,ğŸ§”ğŸ¼
168,1,1,queue,wait_here_doctor_consult,0.0,,,,,1.0,2,200,225.0,Seeing a doctor,,200.0,0.0,,ğŸ§”ğŸ¼
169,1,1,queue,wait_here_doctor_consult,0.0,,,,,1.0,3,200,225.0,Seeing a doctor,,200.0,0.0,,ğŸ§”ğŸ¼
170,3,2,queue,wait_here_doctor_consult,2.3361896558244535,,,,,2.0,3,200,225.0,Seeing a doctor,,180.0,0.0,,ğŸ‘¨ğŸ¿â€ğŸ¦¯
171,5,3,queue,wait_here_doctor_consult,2.4226270555228306,,,,,3.0,3,200,225.0,Seeing a doctor,,160.0,0.0,,ğŸ‘¨ğŸ»â€ğŸ¦°
172,1,1,queue,wait_here_doctor_consult,0.0,,,,,1.0,4,200,225.0,Seeing a doctor,,200.0,0.0,,ğŸ§”ğŸ¼
173,3,2,queue,wait_here_doctor_consult,2.3361896558244535,,,,,2.0,4,200,225.0,Seeing a doctor,,180.0,0.0,,ğŸ‘¨ğŸ¿â€ğŸ¦¯
174,5,3,queue,wait_here_doctor_consult,2.4226270555228306,,,,,3.0,4,200,225.0,Seeing a doctor,,160.0,0.0,,ğŸ‘¨ğŸ»â€ğŸ¦°
175,1,1,queue,wait_here_doctor_consult,0.0,,,,,1.0,5,200,225.0,Seeing a doctor,,200.0,0.0,,ğŸ§”ğŸ¼
176,3,2,queue,wait_here_doctor_consult,2.3361896558244535,,,,,2.0,5,200,225.0,Seeing a doctor,,180.0,0.0,,ğŸ‘¨ğŸ¿â€ğŸ¦¯
177,5,3,queue,wait_here_doctor_consult,2.4226270555228306,,,,,3.0,5,200,225.0,Seeing a doctor,,160.0,0.0,,ğŸ‘¨ğŸ»â€ğŸ¦°
178,1,1,queue,wait_here_doctor_consult,0.0,,,,,1.0,6,200,225.0,Seeing a doctor,,200.0,0.0,,ğŸ§”ğŸ¼
179,3,2,queue,wait_here_doctor_consult,2.3361896558244535,,,,,2.0,6,200,225.0,Seeing a doctor,,180.0,0.0,,ğŸ‘¨ğŸ¿â€ğŸ¦¯
180,5,3,queue,wait_here_doctor_consult,2.4226270555228306,,,,,3.0,6,200,225.0,Seeing a doctor,,160.0,0.0,,ğŸ‘¨ğŸ»â€ğŸ¦°
181,9,5,queue,wait_here_doctor_consult,5.617359318870137,,,,,4.0,6,200,225.0,Seeing a doctor,,140.0,0.0,,ğŸ‘©ğŸ¿â€ğŸ¦±
182,1,1,queue,wait_here_doctor_consult,0.0,,,,,1.0,7,200,225.0,Seeing a doctor,,200.0,0.0,,ğŸ§”ğŸ¼
183,3,2,queue,wait_here_doctor_consult,2.3361896558244535,,,,,2.0,7,200,225.0,Seeing a doctor,,180.0,0.0,,ğŸ‘¨ğŸ¿â€ğŸ¦¯
184,5,3,queue,wait_here_doctor_consult,2.4226270555228306,,,,,3.0,7,200,225.0,Seeing a doctor,,160.0,0.0,,ğŸ‘¨ğŸ»â€ğŸ¦°
185,9,5,queue,wait_here_doctor_consult,5.617359318870137,,,,,4.0,7,200,225.0,Seeing a doctor,,140.0,0.0,,ğŸ‘©ğŸ¿â€ğŸ¦±
186,13,7,queue,wait_here_doctor_consult,6.0958314108502405,,,,,5.0,7,200,225.0,Seeing a doctor,,120.0,0.0,,ğŸ‘³ğŸ½
187,1,1,queue,wait_here_doctor_consult,0.0,,,,,1.0,8,200,225.0,Seeing a doctor,,200.0,0.0,,ğŸ§”ğŸ¼
188,3,2,queue,wait_here_doctor_consult,2.3361896558244535,,,,,2.0,8,200,225.0,Seeing a doctor,,180.0,0.0,,ğŸ‘¨ğŸ¿â€ğŸ¦¯
189,5,3,queue,wait_here_doctor_consult,2.4226270555228306,,,,,3.0,8,200,225.0,Seeing a doctor,,160.0,0.0,,ğŸ‘¨ğŸ»â€ğŸ¦°
190,9,5,queue,wait_here_doctor_consult,5.617359318870137,,,,,4.0,8,200,225.0,Seeing a doctor,,140.0,0.0,,ğŸ‘©ğŸ¿â€ğŸ¦±
191,13,7,queue,wait_here_doctor_consult,6.0958314108502405,,,,,5.0,8,200,225.0,Seeing a doctor,,120.0,0.0,,ğŸ‘³ğŸ½
192,3,2,queue,wait_here_doctor_consult,2.3361896558244535,,,,,1.0,9,200,225.0,Seeing a doctor,,200.0,0.0,,ğŸ‘¨ğŸ¿â€ğŸ¦¯
193,5,3,queue,wait_here_doctor_consult,2.4226270555228306,,,,,2.0,9,200,225.0,Seeing a doctor,,180.0,0.0,,ğŸ‘¨ğŸ»â€ğŸ¦°
194,9,5,queue,wait_here_doctor_consult,5.617359318870137,,,,,3.0,9,200,225.0,Seeing a doctor,,160.0,0.0,,ğŸ‘©ğŸ¿â€ğŸ¦±
195,13,7,queue,wait_here_doctor_consult,6.0958314108502405,,,,,4.0,9,200,225.0,Seeing a doctor,,140.0,0.0,,ğŸ‘³ğŸ½
196,17,9,queue,wait_here_doctor_consult,8.346787004733192,,,,,5.0,9,200,225.0,Seeing a doctor,,120.0,0.0,,ğŸ‘¨ğŸ¿â€ğŸ¦³
197,22,11,queue,wait_here_doctor_consult,8.943505965419563,,,,,6.0,9,200,225.0,Seeing a doctor,,100.0,0.0,,ğŸ§ğŸ½â€â™€ï¸
198,5,3,queue,wait_here_doctor_consult,2.4226270555228306,,,,,1.0,10,200,225.0,Seeing a doctor,,200.0,0.0,,ğŸ‘¨ğŸ»â€ğŸ¦°
199,9,5,queue,wait_here_doctor_consult,5.617359318870137,,,,,2.0,10,200,225.0,Seeing a doctor,,180.0,0.0,,ğŸ‘©ğŸ¿â€ğŸ¦±
200,13,7,queue,wait_here_doctor_consult,6.0958314108502405,,,,,3.0,10,200,225.0,Seeing a doctor,,160.0,0.0,,ğŸ‘³ğŸ½
201,17,9,queue,wait_here_doctor_consult,8.346787004733192,,,,,4.0,10,200,225.0,Seeing a doctor,,140.0,0.0,,ğŸ‘¨ğŸ¿â€ğŸ¦³
202,22,11,queue,wait_here_doctor_consult,8.943505965419563,,,,,5.0,10,200,225.0,Seeing a doctor,,120.0,0.0,,ğŸ§ğŸ½â€â™€ï¸
203,9,5,queue,wait_here_doctor_consult,5.617359318870137,,,,,1.0,11,200,225.0,Seeing a doctor,,200.0,0.0,,ğŸ‘©ğŸ¿â€ğŸ¦±
204,13,7,queue,wait_here_doctor_consult,6.0958314108502405,,,,,2.0,11,200,225.0,Seeing a doctor,,180.0,0.0,,ğŸ‘³ğŸ½
205,17,9,queue,wait_here_doctor_consult,8.346787004733192,,,,,3.0,11,200,225.0,Seeing a doctor,,160.0,0.0,,ğŸ‘¨ğŸ¿â€ğŸ¦³
206,22,11,queue,wait_here_doctor_consult,8.943505965419563,,,,,4.0,11,200,225.0,Seeing a doctor,,140.0,0.0,,ğŸ§ğŸ½â€â™€ï¸
207,30,14,queue,wait_here_doctor_consult,10.990712380148452,,,,,5.0,11,200,225.0,Seeing a doctor,,120.0,0.0,,ğŸ§•ğŸ¿
208,9,5,queue,wait_here_doctor_consult,5.617359318870137,,,,,1.0,12,200,225.0,Seeing a doctor,,200.0,0.0,,ğŸ‘©ğŸ¿â€ğŸ¦±
209,13,7,queue,wait_here_doctor_consult,6.0958314108502405,,,,,2.0,12,200,225.0,Seeing a doctor,,180.0,0.0,,ğŸ‘³ğŸ½
210,17,9,queue,wait_here_doctor_consult,8.346787004733192,,,,,3.0,12,200,225.0,Seeing a doctor,,160.0,0.0,,ğŸ‘¨ğŸ¿â€ğŸ¦³
211,22,11,queue,wait_here_doctor_consult,8.943505965419563,,,,,4.0,12,200,225.0,Seeing a doctor,,140.0,0.0,,ğŸ§ğŸ½â€â™€ï¸
212,30,14,queue,wait_here_doctor_consult,10.990712380148452,,,,,5.0,12,200,225.0,Seeing a doctor,,120.0,0.0,,ğŸ§•ğŸ¿
213,9,5,queue,wait_here_doctor_consult,5.617359318870137,,,,,1.0,13,200,225.0,Seeing a doctor,,200.0,0.0,,ğŸ‘©ğŸ¿â€ğŸ¦±
214,13,7,queue,wait_here_doctor_consult,6.0958314108502405,,,,,2.0,13,200,225.0,Seeing a doctor,,180.0,0.0,,ğŸ‘³ğŸ½
215,17,9,queue,wait_here_doctor_consult,8.346787004733192,,,,,3.0,13,200,225.0,Seeing a doctor,,160.0,0.0,,ğŸ‘¨ğŸ¿â€ğŸ¦³
216,22,11,queue,wait_here_doctor_consult,8.943505965419563,,,,,4.0,13,200,225.0,Seeing a doctor,,140.0,0.0,,ğŸ§ğŸ½â€â™€ï¸
217,30,14,queue,wait_here_doctor_consult,10.990712380148452,,,,,5.0,13,200,225.0,Seeing a doctor,,120.0,0.0,,ğŸ§•ğŸ¿
218,32,15,queue,wait_here_doctor_consult,12.324414805180336,,,,,6.0,13,200,225.0,Seeing a doctor,,100.0,0.0,,ğŸ‘¨ğŸ¼â€ğŸ¦½
219,9,5,queue,wait_here_doctor_consult,5.617359318870137,,,,,1.0,14,200,225.0,Seeing a doctor,,200.0,0.0,,ğŸ‘©ğŸ¿â€ğŸ¦±
220,17,9,queue,wait_here_doctor_consult,8.346787004733192,,,,,2.0,14,200,225.0,Seeing a doctor,,180.0,0.0,,ğŸ‘¨ğŸ¿â€ğŸ¦³
221,22,11,queue,wait_here_doctor_consult,8.943505965419563,,,,,3.0,14,200,225.0,Seeing a doctor,,160.0,0.0,,ğŸ§ğŸ½â€â™€ï¸
222,30,14,queue,wait_here_doctor_consult,10.990712380148452,,,,,4.0,14,200,225.0,Seeing a doctor,,140.0,0.0,,ğŸ§•ğŸ¿
223,32,15,queue,wait_here_doctor_consult,12.324414805180336,,,,,5.0,14,200,225.0,Seeing a doctor,,120.0,0.0,,ğŸ‘¨ğŸ¼â€ğŸ¦½
224,17,9,queue,wait_here_doctor_consult,8.346787004733192,,,,,1.0,15,200,225.0,Seeing a doctor,,200.0,0.0,,ğŸ‘¨ğŸ¿â€ğŸ¦³
225,22,11,queue,wait_here_doctor_consult,8.943505965419563,,,,,2.0,15,200,225.0,Seeing a doctor,,180.0,0.0,,ğŸ§ğŸ½â€â™€ï¸
226,30,14,queue,wait_here_doctor_consult,10.990712380148452,,,,,3.0,15,200,225.0,Seeing a doctor,,160.0,0.0,,ğŸ§•ğŸ¿
227,32,15,queue,wait_here_doctor_consult,12.324414805180336,,,,,4.0,15,200,225.0,Seeing a doctor,,140.0,0.0,,ğŸ‘¨ğŸ¼â€ğŸ¦½
228,40,18,queue,wait_here_doctor_consult,14.020828740491329,,,,,5.0,15,200,225.0,Seeing a doctor,,120.0,0.0,,ğŸ‘·ğŸ¾
229,17,9,queue,wait_here_doctor_consult,8.346787004733192,,,,,1.0,16,200,225.0,Seeing a doctor,,200.0,0.0,,ğŸ‘¨ğŸ¿â€ğŸ¦³
230,22,11,queue,wait_here_doctor_consult,8.943505965419563,,,,,2.0,16,200,225.0,Seeing a doctor,,180.0,0.0,,ğŸ§ğŸ½â€â™€ï¸
231,30,14,queue,wait_here_doctor_consult,10.990712380148452,,,,,3.0,16,200,225.0,Seeing a doctor,,160.0,0.0,,ğŸ§•ğŸ¿
232,32,15,queue,wait_here_doctor_consult,12.324414805180336,,,,,4.0,16,200,225.0,Seeing a doctor,,140.0,0.0,,ğŸ‘¨ğŸ¼â€ğŸ¦½
233,40,18,queue,wait_here_doctor_consult,14.020828740491329,,,,,5.0,16,200,225.0,Seeing a doctor,,120.0,0.0,,ğŸ‘·ğŸ¾
234,30,14,queue,wait_here_doctor_consult,10.990712380148452,,,,,1.0,17,200,225.0,Seeing a doctor,,200.0,0.0,,ğŸ§•ğŸ¿
235,32,15,queue,wait_here_doctor_consult,12.324414805180336,,,,,2.0,17,200,225.0,Seeing a doctor,,180.0,0.0,,ğŸ‘¨ğŸ¼â€ğŸ¦½
236,40,18,queue,wait_here_doctor_consult,14.020828740491329,,,,,3.0,17,200,225.0,Seeing a doctor,,160.0,0.0,,ğŸ‘·ğŸ¾
237,30,14,queue,wait_here_doctor_consult,10.990712380148452,,,,,1.0,18,200,225.0,Seeing a doctor,,200.0,0.0,,ğŸ§•ğŸ¿
238,32,15,queue,wait_here_doctor_consult,12.324414805180336,,,,,2.0,18,200,225.0,Seeing a doctor,,180.0,0.0,,ğŸ‘¨ğŸ¼â€ğŸ¦½
239,40,18,queue,wait_here_doctor_consult,14.020828740491329,,,,,3.0,18,200,225.0,Seeing a doctor,,160.0,0.0,,ğŸ‘·ğŸ¾
240,30,14,queue,wait_here_doctor_consult,10.990712380148452,,,,,1.0,19,200,225.0,Seeing a doctor,,200.0,0.0,,ğŸ§•ğŸ¿
241,32,15,queue,wait_here_doctor_consult,12.324414805180336,,,,,2.0,19,200,225.0,Seeing a doctor,,180.0,0.0,,ğŸ‘¨ğŸ¼â€ğŸ¦½
242,40,18,queue,wait_here_doctor_consult,14.020828740491329,,,,,3.0,19,200,225.0,Seeing a doctor,,160.0,0.0,,ğŸ‘·ğŸ¾
243,32,15,queue,wait_here_doctor_consult,12.324414805180336,,,,,1.0,20,200,225.0,Seeing a doctor,,200.0,0.0,,ğŸ‘¨ğŸ¼â€ğŸ¦½
244,40,18,queue,wait_here_doctor_consult,14.020828740491329,,,,,2.0,20,200,225.0,Seeing a doctor,,180.0,0.0,,ğŸ‘·ğŸ¾
245,54,21,queue,wait_here_doctor_consult,19.497666400455014,,,,,3.0,20,200,225.0,Seeing a doctor,,160.0,0.0,,ğŸ‘©ğŸ»â€ğŸ¦²
246,40,18,queue,wait_here_doctor_consult,14.020828740491329,,,,,1.0,21,200,225.0,Seeing a doctor,,200.0,0.0,,ğŸ‘·ğŸ¾
247,54,21,queue,wait_here_doctor_consult,19.497666400455014,,,,,2.0,21,200,225.0,Seeing a doctor,,180.0,0.0,,ğŸ‘©ğŸ»â€ğŸ¦²
248,54,21,queue,wait_here_doctor_consult,19.497666400455014,,,,,1.0,22,200,225.0,Seeing a doctor,,200.0,0.0,,ğŸ‘©ğŸ»â€ğŸ¦²
249,54,21,queue,wait_here_doctor_consult,19.497666400455014,,,,,1.0,23,200,225.0,Seeing a doctor,,200.0,0.0,,ğŸ‘©ğŸ»â€ğŸ¦²
250,54,21,queue,wait_here_doctor_consult,19.497666400455014,,,,,1.0,24,200,225.0,Seeing a doctor,,200.0,0.0,,ğŸ‘©ğŸ»â€ğŸ¦²
251,54,21,queue,wait_here_doctor_consult,19.497666400455014,,,,,1.0,25,200,225.0,Seeing a doctor,,200.0,0.0,,ğŸ‘©ğŸ»â€ğŸ¦²
252,61,22,queue,wait_here_doctor_consult,24.80754919621479,,,,,2.0,25,200,225.0,Seeing a doctor,,180.0,0.0,,ğŸ§”ğŸ¾
253,54,21,queue,wait_here_doctor_consult,19.497666400455014,,,,,1.0,26,200,225.0,Seeing a doctor,,200.0,0.0,,ğŸ‘©ğŸ»â€ğŸ¦²
254,61,22,queue,wait_here_doctor_consult,24.80754919621479,,,,,2.0,26,200,225.0,Seeing a doctor,,180.0,0.0,,ğŸ§”ğŸ¾
255,54,21,queue,wait_here_doctor_consult,19.497666400455014,,,,,1.0,27,200,225.0,Seeing a doctor,,200.0,0.0,,ğŸ‘©ğŸ»â€ğŸ¦²
256,61,22,queue,wait_here_doctor_consult,24.80754919621479,,,,,2.0,27,200,225.0,Seeing a doctor,,180.0,0.0,,ğŸ§”ğŸ¾
257,61,22,queue,wait_here_doctor_consult,24.80754919621479,,,,,1.0,28,200,225.0,Seeing a doctor,,200.0,0.0,,ğŸ§”ğŸ¾
258,61,22,queue,wait_here_doctor_consult,24.80754919621479,,,,,1.0,29,200,225.0,Seeing a doctor,,200.0,0.0,,ğŸ§”ğŸ¾
259,61,22,queue,wait_here_doctor_consult,24.80754919621479,,,,,1.0,30,200,225.0,Seeing a doctor,,200.0,0.0,,ğŸ§”ğŸ¾
260,72,26,queue,wait_here_doctor_consult,29.760467281290612,,,,,2.0,30,200,225.0,Seeing a doctor,,180.0,0.0,,ğŸ‘¨ğŸ¿â€ğŸ¦°
261,61,22,queue,wait_here_doctor_consult,24.80754919621479,,,,,1.0,31,200,225.0,Seeing a doctor,,200.0,0.0,,ğŸ§”ğŸ¾
262,72,26,queue,wait_here_doctor_consult,29.760467281290612,,,,,2.0,31,200,225.0,Seeing a doctor,,180.0,0.0,,ğŸ‘¨ğŸ¿â€ğŸ¦°
263,61,22,queue,wait_here_doctor_consult,24.80754919621479,,,,,1.0,32,200,225.0,Seeing a doctor,,200.0,0.0,,ğŸ§”ğŸ¾
264,72,26,queue,wait_here_doctor_consult,29.760467281290612,,,,,2.0,32,200,225.0,Seeing a doctor,,180.0,0.0,,ğŸ‘¨ğŸ¿â€ğŸ¦°
265,74,27,queue,wait_here_doctor_consult,31.89141016713499,,,,,3.0,32,200,225.0,Seeing a doctor,,160.0,0.0,,ğŸ™ğŸ¼â€â™‚ï¸
266,61,22,queue,wait_here_doctor_consult,24.80754919621479,,,,,1.0,33,200,225.0,Seeing a doctor,,200.0,0.0,,ğŸ§”ğŸ¾
267,72,26,queue,wait_here_doctor_consult,29.760467281290612,,,,,2.0,33,200,225.0,Seeing a doctor,,180.0,0.0,,ğŸ‘¨ğŸ¿â€ğŸ¦°
268,74,27,queue,wait_here_doctor_consult,31.89141016713499,,,,,3.0,33,200,225.0,Seeing a doctor,,160.0,0.0,,ğŸ™ğŸ¼â€â™‚ï¸
269,78,29,queue,wait_here_doctor_consult,32.29787547989388,,,,,4.0,33,200,225.0,Seeing a doctor,,140.0,0.0,,ğŸ‘©ğŸ»â€ğŸ”§
270,80,30,queue,wait_here_doctor_consult,32.74649047866081,,,,,5.0,33,200,225.0,Seeing a doctor,,120.0,0.0,,ğŸ‘¨ğŸ¿â€ğŸ¦½
271,72,26,queue,wait_here_doctor_consult,29.760467281290612,,,,,1.0,34,200,225.0,Seeing a doctor,,200.0,0.0,,ğŸ‘¨ğŸ¿â€ğŸ¦°
272,74,27,queue,wait_here_doctor_consult,31.89141016713499,,,,,2.0,34,200,225.0,Seeing a doctor,,180.0,0.0,,ğŸ™ğŸ¼â€â™‚ï¸
273,78,29,queue,wait_here_doctor_consult,32.29787547989388,,,,,3.0,34,200,225.0,Seeing a doctor,,160.0,0.0,,ğŸ‘©ğŸ»â€ğŸ”§
274,80,30,queue,wait_here_doctor_consult,32.74649047866081,,,,,4.0,34,200,225.0,Seeing a doctor,,140.0,0.0,,ğŸ‘¨ğŸ¿â€ğŸ¦½
275,84,32,queue,wait_here_doctor_consult,33.26300013012969,,,,,5.0,34,200,225.0,Seeing a doctor,,120.0,0.0,,ğŸ‘©ğŸ¼â€ğŸ¦¼
276,72,26,queue,wait_here_doctor_consult,29.760467281290612,,,,,1.0,35,200,225.0,Seeing a doctor,,200.0,0.0,,ğŸ‘¨ğŸ¿â€ğŸ¦°
277,74,27,queue,wait_here_doctor_consult,31.89141016713499,,,,,2.0,35,200,225.0,Seeing a doctor,,180.0,0.0,,ğŸ™ğŸ¼â€â™‚ï¸
278,78,29,queue,wait_here_doctor_consult,32.29787547989388,,,,,3.0,35,200,225.0,Seeing a doctor,,160.0,0.0,,ğŸ‘©ğŸ»â€ğŸ”§
279,80,30,queue,wait_here_doctor_consult,32.74649047866081,,,,,4.0,35,200,225.0,Seeing a doctor,,140.0,0.0,,ğŸ‘¨ğŸ¿â€ğŸ¦½
280,84,32,queue,wait_here_doctor_consult,33.26300013012969,,,,,5.0,35,200,225.0,Seeing a doctor,,120.0,0.0,,ğŸ‘©ğŸ¼â€ğŸ¦¼
281,72,26,queue,wait_here_doctor_consult,29.760467281290612,,,,,1.0,36,200,225.0,Seeing a doctor,,200.0,0.0,,ğŸ‘¨ğŸ¿â€ğŸ¦°
282,74,27,queue,wait_here_doctor_consult,31.89141016713499,,,,,2.0,36,200,225.0,Seeing a doctor,,180.0,0.0,,ğŸ™ğŸ¼â€â™‚ï¸
283,78,29,queue,wait_here_doctor_consult,32.29787547989388,,,,,3.0,36,200,225.0,Seeing a doctor,,160.0,0.0,,ğŸ‘©ğŸ»â€ğŸ”§
284,80,30,queue,wait_here_doctor_consult,32.74649047866081,,,,,4.0,36,200,225.0,Seeing a doctor,,140.0,0.0,,ğŸ‘¨ğŸ¿â€ğŸ¦½
285,84,32,queue,wait_here_doctor_consult,33.26300013012969,,,,,5.0,36,200,225.0,Seeing a doctor,,120.0,0.0,,ğŸ‘©ğŸ¼â€ğŸ¦¼
286,91,34,queue,wait_here_doctor_consult,35.81970956463757,,,,,6.0,36,200,225.0,Seeing a doctor,,100.0,0.0,,ğŸ‘©ğŸ¿â€ğŸ“
287,72,26,queue,wait_here_doctor_consult,29.760467281290612,,,,,1.0,37,200,225.0,Seeing a doctor,,200.0,0.0,,ğŸ‘¨ğŸ¿â€ğŸ¦°
288,74,27,queue,wait_here_doctor_consult,31.89141016713499,,,,,2.0,37,200,225.0,Seeing a doctor,,180.0,0.0,,ğŸ™ğŸ¼â€â™‚ï¸
289,78,29,queue,wait_here_doctor_consult,32.29787547989388,,,,,3.0,37,200,225.0,Seeing a doctor,,160.0,0.0,,ğŸ‘©ğŸ»â€ğŸ”§
290,80,30,queue,wait_here_doctor_consult,32.74649047866081,,,,,4.0,37,200,225.0,Seeing a doctor,,140.0,0.0,,ğŸ‘¨ğŸ¿â€ğŸ¦½
291,84,32,queue,wait_here_doctor_consult,33.26300013012969,,,,,5.0,37,200,225.0,Seeing a doctor,,120.0,0.0,,ğŸ‘©ğŸ¼â€ğŸ¦¼
292,91,34,queue,wait_here_doctor_consult,35.81970956463757,,,,,6.0,37,200,225.0,Seeing a doctor,,100.0,0.0,,ğŸ‘©ğŸ¿â€ğŸ“
293,74,27,queue,wait_here_doctor_consult,31.89141016713499,,,,,1.0,38,200,225.0,Seeing a doctor,,200.0,0.0,,ğŸ™ğŸ¼â€â™‚ï¸
294,78,29,queue,wait_here_doctor_consult,32.29787547989388,,,,,2.0,38,200,225.0,Seeing a doctor,,180.0,0.0,,ğŸ‘©ğŸ»â€ğŸ”§
295,80,30,queue,wait_here_doctor_consult,32.74649047866081,,,,,3.0,38,200,225.0,Seeing a doctor,,160.0,0.0,,ğŸ‘¨ğŸ¿â€ğŸ¦½
296,84,32,queue,wait_here_doctor_consult,33.26300013012969,,,,,4.0,38,200,225.0,Seeing a doctor,,140.0,0.0,,ğŸ‘©ğŸ¼â€ğŸ¦¼
297,91,34,queue,wait_here_doctor_consult,35.81970956463757,,,,,5.0,38,200,225.0,Seeing a doctor,,120.0,0.0,,ğŸ‘©ğŸ¿â€ğŸ“
298,94,35,queue,wait_here_doctor_consult,37.86614188977071,,,,,6.0,38,200,225.0,Seeing a doctor,,100.0,0.0,,ğŸ‘´ğŸ»
299,74,27,queue,wait_here_doctor_consult,31.89141016713499,,,,,1.0,39,200,225.0,Seeing a doctor,,200.0,0.0,,ğŸ™ğŸ¼â€â™‚ï¸
300,78,29,queue,wait_here_doctor_consult,32.29787547989388,,,,,2.0,39,200,225.0,Seeing a doctor,,180.0,0.0,,ğŸ‘©ğŸ»â€ğŸ”§
301,80,30,queue,wait_here_doctor_consult,32.74649047866081,,,,,3.0,39,200,225.0,Seeing a doctor,,160.0,0.0,,ğŸ‘¨ğŸ¿â€ğŸ¦½
302,84,32,queue,wait_here_doctor_consult,33.26300013012969,,,,,4.0,39,200,225.0,Seeing a doctor,,140.0,0.0,,ğŸ‘©ğŸ¼â€ğŸ¦¼
303,91,34,queue,wait_here_doctor_consult,35.81970956463757,,,,,5.0,39,200,225.0,Seeing a doctor,,120.0,0.0,,ğŸ‘©ğŸ¿â€ğŸ“
304,94,35,queue,wait_here_doctor_consult,37.86614188977071,,,,,6.0,39,200,225.0,Seeing a doctor,,100.0,0.0,,ğŸ‘´ğŸ»
305,74,27,queue,wait_here_doctor_consult,31.89141016713499,,,,,1.0,40,200,225.0,Seeing a doctor,,200.0,0.0,,ğŸ™ğŸ¼â€â™‚ï¸
306,80,30,queue,wait_here_doctor_consult,32.74649047866081,,,,,2.0,40,200,225.0,Seeing a doctor,,180.0,0.0,,ğŸ‘¨ğŸ¿â€ğŸ¦½
307,91,34,queue,wait_here_doctor_consult,35.81970956463757,,,,,3.0,40,200,225.0,Seeing a doctor,,160.0,0.0,,ğŸ‘©ğŸ¿â€ğŸ“
308,94,35,queue,wait_here_doctor_consult,37.86614188977071,,,,,4.0,40,200,225.0,Seeing a doctor,,140.0,0.0,,ğŸ‘´ğŸ»
309,101,38,queue,wait_here_doctor_consult,39.00002570009358,,,,,5.0,40,200,225.0,Seeing a doctor,,120.0,0.0,,ğŸ‘¨ğŸ»â€âœˆï¸
310,103,39,queue,wait_here_doctor_consult,39.41386477611405,,,,,6.0,40,200,225.0,Seeing a doctor,,100.0,0.0,,ğŸ™ğŸ¿â€â™€ï¸
311,80,30,queue,wait_here_doctor_consult,32.74649047866081,,,,,1.0,41,200,225.0,Seeing a doctor,,200.0,0.0,,ğŸ‘¨ğŸ¿â€ğŸ¦½
312,91,34,queue,wait_here_doctor_consult,35.81970956463757,,,,,2.0,41,200,225.0,Seeing a doctor,,180.0,0.0,,ğŸ‘©ğŸ¿â€ğŸ“
313,94,35,queue,wait_here_doctor_consult,37.86614188977071,,,,,3.0,41,200,225.0,Seeing a doctor,,160.0,0.0,,ğŸ‘´ğŸ»
314,101,38,queue,wait_here_doctor_consult,39.00002570009358,,,,,4.0,41,200,225.0,Seeing a doctor,,140.0,0.0,,ğŸ‘¨ğŸ»â€âœˆï¸
315,103,39,queue,wait_here_doctor_consult,39.41386477611405,,,,,5.0,41,200,225.0,Seeing a doctor,,120.0,0.0,,ğŸ™ğŸ¿â€â™€ï¸
316,110,40,queue,wait_here_doctor_consult,40.95558501214832,,,,,6.0,41,200,225.0,Seeing a doctor,,100.0,0.0,,ğŸ‘¶ğŸ»
317,91,34,queue,wait_here_doctor_consult,35.81970956463757,,,,,1.0,42,200,225.0,Seeing a doctor,,200.0,0.0,,ğŸ‘©ğŸ¿â€ğŸ“
318,94,35,queue,wait_here_doctor_consult,37.86614188977071,,,,,2.0,42,200,225.0,Seeing a doctor,,180.0,0.0,,ğŸ‘´ğŸ»
319,101,38,queue,wait_here_doctor_consult,39.00002570009358,,,,,3.0,42,200,225.0,Seeing a doctor,,160.0,0.0,,ğŸ‘¨ğŸ»â€âœˆï¸
320,103,39,queue,wait_here_doctor_consult,39.41386477611405,,,,,4.0,42,200,225.0,Seeing a doctor,,140.0,0.0,,ğŸ™ğŸ¿â€â™€ï¸
321,110,40,queue,wait_here_doctor_consult,40.95558501214832,,,,,5.0,42,200,225.0,Seeing a doctor,,120.0,0.0,,ğŸ‘¶ğŸ»
322,91,34,queue,wait_here_doctor_consult,35.81970956463757,,,,,1.0,43,200,225.0,Seeing a doctor,,200.0,0.0,,ğŸ‘©ğŸ¿â€ğŸ“
323,94,35,queue,wait_here_doctor_consult,37.86614188977071,,,,,2.0,43,200,225.0,Seeing a doctor,,180.0,0.0,,ğŸ‘´ğŸ»
324,101,38,queue,wait_here_doctor_consult,39.00002570009358,,,,,3.0,43,200,225.0,Seeing a doctor,,160.0,0.0,,ğŸ‘¨ğŸ»â€âœˆï¸
325,103,39,queue,wait_here_doctor_consult,39.41386477611405,,,,,4.0,43,200,225.0,Seeing a doctor,,140.0,0.0,,ğŸ™ğŸ¿â€â™€ï¸
326,110,40,queue,wait_here_doctor_consult,40.95558501214832,,,,,5.0,43,200,225.0,Seeing a doctor,,120.0,0.0,,ğŸ‘¶ğŸ»
327,91,34,queue,wait_here_doctor_consult,35.81970956463757,,,,,1.0,44,200,225.0,Seeing a doctor,,200.0,0.0,,ğŸ‘©ğŸ¿â€ğŸ“
328,94,35,queue,wait_here_doctor_consult,37.86614188977071,,,,,2.0,44,200,225.0,Seeing a doctor,,180.0,0.0,,ğŸ‘´ğŸ»
329,101,38,queue,wait_here_doctor_consult,39.00002570009358,,,,,3.0,44,200,225.0,Seeing a doctor,,160.0,0.0,,ğŸ‘¨ğŸ»â€âœˆï¸
330,103,39,queue,wait_here_doctor_consult,39.41386477611405,,,,,4.0,44,200,225.0,Seeing a doctor,,140.0,0.0,,ğŸ™ğŸ¿â€â™€ï¸
331,110,40,queue,wait_here_doctor_consult,40.95558501214832,,,,,5.0,44,200,225.0,Seeing a doctor,,120.0,0.0,,ğŸ‘¶ğŸ»
332,91,34,queue,wait_here_doctor_consult,35.81970956463757,,,,,1.0,45,200,225.0,Seeing a doctor,,200.0,0.0,,ğŸ‘©ğŸ¿â€ğŸ“
333,101,38,queue,wait_here_doctor_consult,39.00002570009358,,,,,2.0,45,200,225.0,Seeing a doctor,,180.0,0.0,,ğŸ‘¨ğŸ»â€âœˆï¸
334,103,39,queue,wait_here_doctor_consult,39.41386477611405,,,,,3.0,45,200,225.0,Seeing a doctor,,160.0,0.0,,ğŸ™ğŸ¿â€â™€ï¸
335,110,40,queue,wait_here_doctor_consult,40.95558501214832,,,,,4.0,45,200,225.0,Seeing a doctor,,140.0,0.0,,ğŸ‘¶ğŸ»
336,103,39,queue,wait_here_doctor_consult,39.41386477611405,,,,,1.0,46,200,225.0,Seeing a doctor,,200.0,0.0,,ğŸ™ğŸ¿â€â™€ï¸
337,110,40,queue,wait_here_doctor_consult,40.95558501214832,,,,,2.0,46,200,225.0,Seeing a doctor,,180.0,0.0,,ğŸ‘¶ğŸ»
338,103,39,queue,wait_here_doctor_consult,39.41386477611405,,,,,1.0,47,200,225.0,Seeing a doctor,,200.0,0.0,,ğŸ™ğŸ¿â€â™€ï¸
339,110,40,queue,wait_here_doctor_consult,40.95558501214832,,,,,2.0,47,200,225.0,Seeing a doctor,,180.0,0.0,,ğŸ‘¶ğŸ»
340,123,44,queue,wait_here_doctor_consult,46.24541903537503,,,,,3.0,47,200,225.0,Seeing a doctor,,160.0,0.0,,ğŸ‘©ğŸ½â€ğŸ¦³
341,126,45,queue,wait_here_doctor_consult,46.59821392148591,,,,,4.0,47,200,225.0,Seeing a doctor,,140.0,0.0,,ğŸ§ğŸ¼â€â™‚ï¸
342,110,40,queue,wait_here_doctor_consult,40.95558501214832,,,,,1.0,48,200,225.0,Seeing a doctor,,200.0,0.0,,ğŸ‘¶ğŸ»
343,123,44,queue,wait_here_doctor_consult,46.24541903537503,,,,,2.0,48,200,225.0,Seeing a doctor,,180.0,0.0,,ğŸ‘©ğŸ½â€ğŸ¦³
344,126,45,queue,wait_here_doctor_consult,46.59821392148591,,,,,3.0,48,200,225.0,Seeing a doctor,,160.0,0.0,,ğŸ§ğŸ¼â€â™‚ï¸
345,123,44,queue,wait_here_doctor_consult,46.24541903537503,,,,,1.0,49,200,225.0,Seeing a doctor,,200.0,0.0,,ğŸ‘©ğŸ½â€ğŸ¦³
346,126,45,queue,wait_here_doctor_consult,46.59821392148591,,,,,2.0,49,200,225.0,Seeing a doctor,,180.0,0.0,,ğŸ§ğŸ¼â€â™‚ï¸
347,134,48,queue,wait_here_doctor_consult,48.375347512763945,,,,,3.0,49,200,225.0,Seeing a doctor,,160.0,0.0,,ğŸ‘²ğŸ¼
348,123,44,queue,wait_here_doctor_consult,46.24541903537503,,,,,1.0,50,200,225.0,Seeing a doctor,,200.0,0.0,,ğŸ‘©ğŸ½â€ğŸ¦³
349,126,45,queue,wait_here_doctor_consult,46.59821392148591,,,,,2.0,50,200,225.0,Seeing a doctor,,180.0,0.0,,ğŸ§ğŸ¼â€â™‚ï¸
350,134,48,queue,wait_here_doctor_consult,48.375347512763945,,,,,3.0,50,200,225.0,Seeing a doctor,,160.0,0.0,,ğŸ‘²ğŸ¼
351,123,44,queue,wait_here_doctor_consult,46.24541903537503,,,,,1.0,51,200,225.0,Seeing a doctor,,200.0,0.0,,ğŸ‘©ğŸ½â€ğŸ¦³
352,126,45,queue,wait_here_doctor_consult,46.59821392148591,,,,,2.0,51,200,225.0,Seeing a doctor,,180.0,0.0,,ğŸ§ğŸ¼â€â™‚ï¸
353,134,48,queue,wait_here_doctor_consult,48.375347512763945,,,,,3.0,51,200,225.0,Seeing a doctor,,160.0,0.0,,ğŸ‘²ğŸ¼
354,123,44,queue,wait_here_doctor_consult,46.24541903537503,,,,,1.0,52,200,225.0,Seeing a doctor,,200.0,0.0,,ğŸ‘©ğŸ½â€ğŸ¦³
355,126,45,queue,wait_here_doctor_consult,46.59821392148591,,,,,2.0,52,200,225.0,Seeing a doctor,,180.0,0.0,,ğŸ§ğŸ¼â€â™‚ï¸
356,134,48,queue,wait_here_doctor_consult,48.375347512763945,,,,,3.0,52,200,225.0,Seeing a doctor,,160.0,0.0,,ğŸ‘²ğŸ¼
357,126,45,queue,wait_here_doctor_consult,46.59821392148591,,,,,1.0,53,200,225.0,Seeing a doctor,,200.0,0.0,,ğŸ§ğŸ¼â€â™‚ï¸
358,134,48,queue,wait_here_doctor_consult,48.375347512763945,,,,,2.0,53,200,225.0,Seeing a doctor,,180.0,0.0,,ğŸ‘²ğŸ¼
359,134,48,queue,wait_here_doctor_consult,48.375347512763945,,,,,1.0,54,200,225.0,Seeing a doctor,,200.0,0.0,,ğŸ‘²ğŸ¼
360,134,48,queue,wait_here_doctor_consult,48.375347512763945,,,,,1.0,55,200,225.0,Seeing a doctor,,200.0,0.0,,ğŸ‘²ğŸ¼
361,148,52,queue,wait_here_doctor_consult,54.61834391557491,,,,,2.0,55,200,225.0,Seeing a doctor,,180.0,0.0,,ğŸ‘³ğŸ¿
362,150,53,queue,wait_here_doctor_consult,54.98269834989875,,,,,3.0,55,200,225.0,Seeing a doctor,,160.0,0.0,,ğŸ¤¦ğŸ»â€â™‚ï¸
363,134,48,queue,wait_here_doctor_consult,48.375347512763945,,,,,1.0,56,200,225.0,Seeing a doctor,,200.0,0.0,,ğŸ‘²ğŸ¼
364,148,52,queue,wait_here_doctor_consult,54.61834391557491,,,,,2.0,56,200,225.0,Seeing a doctor,,180.0,0.0,,ğŸ‘³ğŸ¿
365,150,53,queue,wait_here_doctor_consult,54.98269834989875,,,,,3.0,56,200,225.0,Seeing a doctor,,160.0,0.0,,ğŸ¤¦ğŸ»â€â™‚ï¸
366,152,54,queue,wait_here_doctor_consult,55.109623282829034,,,,,4.0,56,200,225.0,Seeing a doctor,,140.0,0.0,,ğŸ‘©ğŸ½â€ğŸ¦°
367,148,52,queue,wait_here_doctor_consult,54.61834391557491,,,,,1.0,57,200,225.0,Seeing a doctor,,200.0,0.0,,ğŸ‘³ğŸ¿
368,150,53,queue,wait_here_doctor_consult,54.98269834989875,,,,,2.0,57,200,225.0,Seeing a doctor,,180.0,0.0,,ğŸ¤¦ğŸ»â€â™‚ï¸
369,152,54,queue,wait_here_doctor_consult,55.109623282829034,,,,,3.0,57,200,225.0,Seeing a doctor,,160.0,0.0,,ğŸ‘©ğŸ½â€ğŸ¦°
370,155,55,queue,wait_here_doctor_consult,56.09200220432986,,,,,4.0,57,200,225.0,Seeing a doctor,,140.0,0.0,,ğŸ‘¨ğŸ¼â€âœˆï¸
371,160,56,queue,wait_here_doctor_consult,56.84185325504193,,,,,5.0,57,200,225.0,Seeing a doctor,,120.0,0.0,,ğŸ‘¨ğŸ¾â€ğŸ¦²
372,148,52,queue,wait_here_doctor_consult,54.61834391557491,,,,,1.0,58,200,225.0,Seeing a doctor,,200.0,0.0,,ğŸ‘³ğŸ¿
373,150,53,queue,wait_here_doctor_consult,54.98269834989875,,,,,2.0,58,200,225.0,Seeing a doctor,,180.0,0.0,,ğŸ¤¦ğŸ»â€â™‚ï¸
374,152,54,queue,wait_here_doctor_consult,55.109623282829034,,,,,3.0,58,200,225.0,Seeing a doctor,,160.0,0.0,,ğŸ‘©ğŸ½â€ğŸ¦°
375,155,55,queue,wait_here_doctor_consult,56.09200220432986,,,,,4.0,58,200,225.0,Seeing a doctor,,140.0,0.0,,ğŸ‘¨ğŸ¼â€âœˆï¸
376,160,56,queue,wait_here_doctor_consult,56.84185325504193,,,,,5.0,58,200,225.0,Seeing a doctor,,120.0,0.0,,ğŸ‘¨ğŸ¾â€ğŸ¦²
377,148,52,queue,wait_here_doctor_consult,54.61834391557491,,,,,1.0,59,200,225.0,Seeing a doctor,,200.0,0.0,,ğŸ‘³ğŸ¿
378,150,53,queue,wait_here_doctor_consult,54.98269834989875,,,,,2.0,59,200,225.0,Seeing a doctor,,180.0,0.0,,ğŸ¤¦ğŸ»â€â™‚ï¸
379,152,54,queue,wait_here_doctor_consult,55.109623282829034,,,,,3.0,59,200,225.0,Seeing a doctor,,160.0,0.0,,ğŸ‘©ğŸ½â€ğŸ¦°
380,155,55,queue,wait_here_doctor_consult,56.09200220432986,,,,,4.0,59,200,225.0,Seeing a doctor,,140.0,0.0,,ğŸ‘¨ğŸ¼â€âœˆï¸
381,160,56,queue,wait_here_doctor_consult,56.84185325504193,,,,,5.0,59,200,225.0,Seeing a doctor,,120.0,0.0,,ğŸ‘¨ğŸ¾â€ğŸ¦²
382,148,52,queue,wait_here_doctor_consult,54.61834391557491,,,,,1.0,60,200,225.0,Seeing a doctor,,200.0,0.0,,ğŸ‘³ğŸ¿
383,150,53,queue,wait_here_doctor_consult,54.98269834989875,,,,,2.0,60,200,225.0,Seeing a doctor,,180.0,0.0,,ğŸ¤¦ğŸ»â€â™‚ï¸
384,152,54,queue,wait_here_doctor_consult,55.109623282829034,,,,,3.0,60,200,225.0,Seeing a doctor,,160.0,0.0,,ğŸ‘©ğŸ½â€ğŸ¦°
385,155,55,queue,wait_here_doctor_consult,56.09200220432986,,,,,4.0,60,200,225.0,Seeing a doctor,,140.0,0.0,,ğŸ‘¨ğŸ¼â€âœˆï¸
386,160,56,queue,wait_here_doctor_consult,56.84185325504193,,,,,5.0,60,200,225.0,Seeing a doctor,,120.0,0.0,,ğŸ‘¨ğŸ¾â€ğŸ¦²
387,166,58,queue,wait_here_doctor_consult,59.74046030383527,,,,,6.0,60,200,225.0,Seeing a doctor,,100.0,0.0,,ğŸ‘§ğŸ¼
388,20,10,queue,wait_here_nurse_consult,8.76387371104501,,,,,1.0,9,200,25.0,Seeing a nurse,,200.0,0.0,,ğŸ‘©ğŸ¼â€ğŸ¦±
389,20,10,queue,wait_here_nurse_consult,8.76387371104501,,,,,1.0,10,200,25.0,Seeing a nurse,,200.0,0.0,,ğŸ‘©ğŸ¼â€ğŸ¦±
390,20,10,queue,wait_here_nurse_consult,8.76387371104501,,,,,1.0,11,200,25.0,Seeing a nurse,,200.0,0.0,,ğŸ‘©ğŸ¼â€ğŸ¦±
391,28,13,queue,wait_here_nurse_consult,10.668801159242141,,,,,2.0,11,200,25.0,Seeing a nurse,,180.0,0.0,,ğŸ‘©ğŸ»â€ğŸ¦°
392,20,10,queue,wait_here_nurse_consult,8.76387371104501,,,,,1.0,12,200,25.0,Seeing a nurse,,200.0,0.0,,ğŸ‘©ğŸ¼â€ğŸ¦±
393,28,13,queue,wait_here_nurse_consult,10.668801159242141,,,,,2.0,12,200,25.0,Seeing a nurse,,180.0,0.0,,ğŸ‘©ğŸ»â€ğŸ¦°
394,20,10,queue,wait_here_nurse_consult,8.76387371104501,,,,,1.0,13,200,25.0,Seeing a nurse,,200.0,0.0,,ğŸ‘©ğŸ¼â€ğŸ¦±
395,28,13,queue,wait_here_nurse_consult,10.668801159242141,,,,,2.0,13,200,25.0,Seeing a nurse,,180.0,0.0,,ğŸ‘©ğŸ»â€ğŸ¦°
396,20,10,queue,wait_here_nurse_consult,8.76387371104501,,,,,1.0,14,200,25.0,Seeing a nurse,,200.0,0.0,,ğŸ‘©ğŸ¼â€ğŸ¦±
397,28,13,queue,wait_here_nurse_consult,10.668801159242141,,,,,2.0,14,200,25.0,Seeing a nurse,,180.0,0.0,,ğŸ‘©ğŸ»â€ğŸ¦°
398,38,17,queue,wait_here_nurse_consult,13.99968898408154,,,,,3.0,14,200,25.0,Seeing a nurse,,160.0,0.0,,ğŸ‘¨ğŸ¼â€ğŸ¦±
399,20,10,queue,wait_here_nurse_consult,8.76387371104501,,,,,1.0,15,200,25.0,Seeing a nurse,,200.0,0.0,,ğŸ‘©ğŸ¼â€ğŸ¦±
400,28,13,queue,wait_here_nurse_consult,10.668801159242141,,,,,2.0,15,200,25.0,Seeing a nurse,,180.0,0.0,,ğŸ‘©ğŸ»â€ğŸ¦°
401,38,17,queue,wait_here_nurse_consult,13.99968898408154,,,,,3.0,15,200,25.0,Seeing a nurse,,160.0,0.0,,ğŸ‘¨ğŸ¼â€ğŸ¦±
402,20,10,queue,wait_here_nurse_consult,8.76387371104501,,,,,1.0,16,200,25.0,Seeing a nurse,,200.0,0.0,,ğŸ‘©ğŸ¼â€ğŸ¦±
403,28,13,queue,wait_here_nurse_consult,10.668801159242141,,,,,2.0,16,200,25.0,Seeing a nurse,,180.0,0.0,,ğŸ‘©ğŸ»â€ğŸ¦°
404,38,17,queue,wait_here_nurse_consult,13.99968898408154,,,,,3.0,16,200,25.0,Seeing a nurse,,160.0,0.0,,ğŸ‘¨ğŸ¼â€ğŸ¦±
405,20,10,queue,wait_here_nurse_consult,8.76387371104501,,,,,1.0,17,200,25.0,Seeing a nurse,,200.0,0.0,,ğŸ‘©ğŸ¼â€ğŸ¦±
406,28,13,queue,wait_here_nurse_consult,10.668801159242141,,,,,2.0,17,200,25.0,Seeing a nurse,,180.0,0.0,,ğŸ‘©ğŸ»â€ğŸ¦°
407,38,17,queue,wait_here_nurse_consult,13.99968898408154,,,,,3.0,17,200,25.0,Seeing a nurse,,160.0,0.0,,ğŸ‘¨ğŸ¼â€ğŸ¦±
408,38,17,queue,wait_here_nurse_consult,13.99968898408154,,,,,1.0,18,200,25.0,Seeing a nurse,,200.0,0.0,,ğŸ‘¨ğŸ¼â€ğŸ¦±
409,38,17,queue,wait_here_nurse_consult,13.99968898408154,,,,,1.0,19,200,25.0,Seeing a nurse,,200.0,0.0,,ğŸ‘¨ğŸ¼â€ğŸ¦±
410,51,20,queue,wait_here_nurse_consult,18.414341265583403,,,,,2.0,19,200,25.0,Seeing a nurse,,180.0,0.0,,ğŸ™ğŸ¼â€â™‚ï¸
411,38,17,queue,wait_here_nurse_consult,13.99968898408154,,,,,1.0,20,200,25.0,Seeing a nurse,,200.0,0.0,,ğŸ‘¨ğŸ¼â€ğŸ¦±
412,51,20,queue,wait_here_nurse_consult,18.414341265583403,,,,,2.0,20,200,25.0,Seeing a nurse,,180.0,0.0,,ğŸ™ğŸ¼â€â™‚ï¸
413,38,17,queue,wait_here_nurse_consult,13.99968898408154,,,,,1.0,21,200,25.0,Seeing a nurse,,200.0,0.0,,ğŸ‘¨ğŸ¼â€ğŸ¦±
414,51,20,queue,wait_here_nurse_consult,18.414341265583403,,,,,2.0,21,200,25.0,Seeing a nurse,,180.0,0.0,,ğŸ™ğŸ¼â€â™‚ï¸
415,38,17,queue,wait_here_nurse_consult,13.99968898408154,,,,,1.0,22,200,25.0,Seeing a nurse,,200.0,0.0,,ğŸ‘¨ğŸ¼â€ğŸ¦±
416,51,20,queue,wait_here_nurse_consult,18.414341265583403,,,,,2.0,22,200,25.0,Seeing a nurse,,180.0,0.0,,ğŸ™ğŸ¼â€â™‚ï¸
417,51,20,queue,wait_here_nurse_consult,18.414341265583403,,,,,1.0,23,200,25.0,Seeing a nurse,,200.0,0.0,,ğŸ™ğŸ¼â€â™‚ï¸
418,51,20,queue,wait_here_nurse_consult,18.414341265583403,,,,,1.0,24,200,25.0,Seeing a nurse,,200.0,0.0,,ğŸ™ğŸ¼â€â™‚ï¸
419,51,20,queue,wait_here_nurse_consult,18.414341265583403,,,,,1.0,25,200,25.0,Seeing a nurse,,200.0,0.0,,ğŸ™ğŸ¼â€â™‚ï¸
420,51,20,queue,wait_here_nurse_consult,18.414341265583403,,,,,1.0,26,200,25.0,Seeing a nurse,,200.0,0.0,,ğŸ™ğŸ¼â€â™‚ï¸
421,64,23,queue,wait_here_nurse_consult,25.851040678191392,,,,,2.0,26,200,25.0,Seeing a nurse,,180.0,0.0,,ğŸ§•ğŸ»
422,51,20,queue,wait_here_nurse_consult,18.414341265583403,,,,,1.0,27,200,25.0,Seeing a nurse,,200.0,0.0,,ğŸ™ğŸ¼â€â™‚ï¸
423,64,23,queue,wait_here_nurse_consult,25.851040678191392,,,,,2.0,27,200,25.0,Seeing a nurse,,180.0,0.0,,ğŸ§•ğŸ»
424,64,23,queue,wait_here_nurse_consult,25.851040678191392,,,,,1.0,28,200,25.0,Seeing a nurse,,200.0,0.0,,ğŸ§•ğŸ»
425,64,23,queue,wait_here_nurse_consult,25.851040678191392,,,,,1.0,29,200,25.0,Seeing a nurse,,200.0,0.0,,ğŸ§•ğŸ»
426,70,25,queue,wait_here_nurse_consult,28.835645046167837,,,,,2.0,29,200,25.0,Seeing a nurse,,180.0,0.0,,ğŸ‘¨ğŸ¾â€ğŸ¦²
427,64,23,queue,wait_here_nurse_consult,25.851040678191392,,,,,1.0,30,200,25.0,Seeing a nurse,,200.0,0.0,,ğŸ§•ğŸ»
428,70,25,queue,wait_here_nurse_consult,28.835645046167837,,,,,2.0,30,200,25.0,Seeing a nurse,,180.0,0.0,,ğŸ‘¨ğŸ¾â€ğŸ¦²
429,64,23,queue,wait_here_nurse_consult,25.851040678191392,,,,,1.0,31,200,25.0,Seeing a nurse,,200.0,0.0,,ğŸ§•ğŸ»
430,70,25,queue,wait_here_nurse_consult,28.835645046167837,,,,,2.0,31,200,25.0,Seeing a nurse,,180.0,0.0,,ğŸ‘¨ğŸ¾â€ğŸ¦²
431,64,23,queue,wait_here_nurse_consult,25.851040678191392,,,,,1.0,32,200,25.0,Seeing a nurse,,200.0,0.0,,ğŸ§•ğŸ»
432,70,25,queue,wait_here_nurse_consult,28.835645046167837,,,,,2.0,32,200,25.0,Seeing a nurse,,180.0,0.0,,ğŸ‘¨ğŸ¾â€ğŸ¦²
433,64,23,queue,wait_here_nurse_consult,25.851040678191392,,,,,1.0,33,200,25.0,Seeing a nurse,,200.0,0.0,,ğŸ§•ğŸ»
434,70,25,queue,wait_here_nurse_consult,28.835645046167837,,,,,2.0,33,200,25.0,Seeing a nurse,,180.0,0.0,,ğŸ‘¨ğŸ¾â€ğŸ¦²
435,76,28,queue,wait_here_nurse_consult,32.18019316181879,,,,,3.0,33,200,25.0,Seeing a nurse,,160.0,0.0,,ğŸ™‹ğŸ¾â€â™€ï¸
436,64,23,queue,wait_here_nurse_consult,25.851040678191392,,,,,1.0,34,200,25.0,Seeing a nurse,,200.0,0.0,,ğŸ§•ğŸ»
437,70,25,queue,wait_here_nurse_consult,28.835645046167837,,,,,2.0,34,200,25.0,Seeing a nurse,,180.0,0.0,,ğŸ‘¨ğŸ¾â€ğŸ¦²
438,76,28,queue,wait_here_nurse_consult,32.18019316181879,,,,,3.0,34,200,25.0,Seeing a nurse,,160.0,0.0,,ğŸ™‹ğŸ¾â€â™€ï¸
439,86,33,queue,wait_here_nurse_consult,33.567830999936454,,,,,4.0,34,200,25.0,Seeing a nurse,,140.0,0.0,,ğŸ™‹ğŸ½â€â™‚ï¸
440,70,25,queue,wait_here_nurse_consult,28.835645046167837,,,,,1.0,35,200,25.0,Seeing a nurse,,200.0,0.0,,ğŸ‘¨ğŸ¾â€ğŸ¦²
441,76,28,queue,wait_here_nurse_consult,32.18019316181879,,,,,2.0,35,200,25.0,Seeing a nurse,,180.0,0.0,,ğŸ™‹ğŸ¾â€â™€ï¸
442,86,33,queue,wait_here_nurse_consult,33.567830999936454,,,,,3.0,35,200,25.0,Seeing a nurse,,160.0,0.0,,ğŸ™‹ğŸ½â€â™‚ï¸
443,70,25,queue,wait_here_nurse_consult,28.835645046167837,,,,,1.0,36,200,25.0,Seeing a nurse,,200.0,0.0,,ğŸ‘¨ğŸ¾â€ğŸ¦²
444,76,28,queue,wait_here_nurse_consult,32.18019316181879,,,,,2.0,36,200,25.0,Seeing a nurse,,180.0,0.0,,ğŸ™‹ğŸ¾â€â™€ï¸
445,86,33,queue,wait_here_nurse_consult,33.567830999936454,,,,,3.0,36,200,25.0,Seeing a nurse,,160.0,0.0,,ğŸ™‹ğŸ½â€â™‚ï¸
446,76,28,queue,wait_here_nurse_consult,32.18019316181879,,,,,1.0,37,200,25.0,Seeing a nurse,,200.0,0.0,,ğŸ™‹ğŸ¾â€â™€ï¸
447,86,33,queue,wait_here_nurse_consult,33.567830999936454,,,,,2.0,37,200,25.0,Seeing a nurse,,180.0,0.0,,ğŸ™‹ğŸ½â€â™‚ï¸
448,76,28,queue,wait_here_nurse_consult,32.18019316181879,,,,,1.0,38,200,25.0,Seeing a nurse,,200.0,0.0,,ğŸ™‹ğŸ¾â€â™€ï¸
449,86,33,queue,wait_here_nurse_consult,33.567830999936454,,,,,2.0,38,200,25.0,Seeing a nurse,,180.0,0.0,,ğŸ™‹ğŸ½â€â™‚ï¸
450,76,28,queue,wait_here_nurse_consult,32.18019316181879,,,,,1.0,39,200,25.0,Seeing a nurse,,200.0,0.0,,ğŸ™‹ğŸ¾â€â™€ï¸
451,86,33,queue,wait_here_nurse_consult,33.567830999936454,,,,,2.0,39,200,25.0,Seeing a nurse,,180.0,0.0,,ğŸ™‹ğŸ½â€â™‚ï¸
452,86,33,queue,wait_here_nurse_consult,33.567830999936454,,,,,1.0,40,200,25.0,Seeing a nurse,,200.0,0.0,,ğŸ™‹ğŸ½â€â™‚ï¸
453,86,33,queue,wait_here_nurse_consult,33.567830999936454,,,,,1.0,41,200,25.0,Seeing a nurse,,200.0,0.0,,ğŸ™‹ğŸ½â€â™‚ï¸
454,114,41,queue,wait_here_nurse_consult,42.14500594884129,,,,,1.0,43,200,25.0,Seeing a nurse,,200.0,0.0,,ğŸ‘´ğŸ¿
455,114,41,queue,wait_here_nurse_consult,42.14500594884129,,,,,1.0,44,200,25.0,Seeing a nurse,,200.0,0.0,,ğŸ‘´ğŸ¿
456,118,43,queue,wait_here_nurse_consult,43.51610858838449,,,,,2.0,44,200,25.0,Seeing a nurse,,180.0,0.0,,ğŸ‘©ğŸ½
457,114,41,queue,wait_here_nurse_consult,42.14500594884129,,,,,1.0,45,200,25.0,Seeing a nurse,,200.0,0.0,,ğŸ‘´ğŸ¿
458,118,43,queue,wait_here_nurse_consult,43.51610858838449,,,,,2.0,45,200,25.0,Seeing a nurse,,180.0,0.0,,ğŸ‘©ğŸ½
459,114,41,queue,wait_here_nurse_consult,42.14500594884129,,,,,1.0,46,200,25.0,Seeing a nurse,,200.0,0.0,,ğŸ‘´ğŸ¿
460,118,43,queue,wait_here_nurse_consult,43.51610858838449,,,,,2.0,46,200,25.0,Seeing a nurse,,180.0,0.0,,ğŸ‘©ğŸ½
461,114,41,queue,wait_here_nurse_consult,42.14500594884129,,,,,1.0,47,200,25.0,Seeing a nurse,,200.0,0.0,,ğŸ‘´ğŸ¿
462,118,43,queue,wait_here_nurse_consult,43.51610858838449,,,,,2.0,47,200,25.0,Seeing a nurse,,180.0,0.0,,ğŸ‘©ğŸ½
463,114,41,queue,wait_here_nurse_consult,42.14500594884129,,,,,1.0,48,200,25.0,Seeing a nurse,,200.0,0.0,,ğŸ‘´ğŸ¿
464,118,43,queue,wait_here_nurse_consult,43.51610858838449,,,,,2.0,48,200,25.0,Seeing a nurse,,180.0,0.0,,ğŸ‘©ğŸ½
465,114,41,queue,wait_here_nurse_consult,42.14500594884129,,,,,1.0,49,200,25.0,Seeing a nurse,,200.0,0.0,,ğŸ‘´ğŸ¿
466,118,43,queue,wait_here_nurse_consult,43.51610858838449,,,,,2.0,49,200,25.0,Seeing a nurse,,180.0,0.0,,ğŸ‘©ğŸ½
467,114,41,queue,wait_here_nurse_consult,42.14500594884129,,,,,1.0,50,200,25.0,Seeing a nurse,,200.0,0.0,,ğŸ‘´ğŸ¿
468,118,43,queue,wait_here_nurse_consult,43.51610858838449,,,,,2.0,50,200,25.0,Seeing a nurse,,180.0,0.0,,ğŸ‘©ğŸ½
469,139,50,queue,wait_here_nurse_consult,49.62674563838146,,,,,3.0,50,200,25.0,Seeing a nurse,,160.0,0.0,,ğŸ‘¨ğŸ»â€ğŸ¦¯
470,139,50,queue,wait_here_nurse_consult,49.62674563838146,,,,,1.0,51,200,25.0,Seeing a nurse,,200.0,0.0,,ğŸ‘¨ğŸ»â€ğŸ¦¯
471,139,50,queue,wait_here_nurse_consult,49.62674563838146,,,,,1.0,52,200,25.0,Seeing a nurse,,200.0,0.0,,ğŸ‘¨ğŸ»â€ğŸ¦¯
472,144,51,queue,wait_here_nurse_consult,51.21425461888144,,,,,2.0,52,200,25.0,Seeing a nurse,,180.0,0.0,,ğŸ§”ğŸ¿
473,139,50,queue,wait_here_nurse_consult,49.62674563838146,,,,,1.0,53,200,25.0,Seeing a nurse,,200.0,0.0,,ğŸ‘¨ğŸ»â€ğŸ¦¯
474,144,51,queue,wait_here_nurse_consult,51.21425461888144,,,,,2.0,53,200,25.0,Seeing a nurse,,180.0,0.0,,ğŸ§”ğŸ¿
475,139,50,queue,wait_here_nurse_consult,49.62674563838146,,,,,1.0,54,200,25.0,Seeing a nurse,,200.0,0.0,,ğŸ‘¨ğŸ»â€ğŸ¦¯
476,144,51,queue,wait_here_nurse_consult,51.21425461888144,,,,,2.0,54,200,25.0,Seeing a nurse,,180.0,0.0,,ğŸ§”ğŸ¿
477,139,50,queue,wait_here_nurse_consult,49.62674563838146,,,,,1.0,55,200,25.0,Seeing a nurse,,200.0,0.0,,ğŸ‘¨ğŸ»â€ğŸ¦¯
478,144,51,queue,wait_here_nurse_consult,51.21425461888144,,,,,2.0,55,200,25.0,Seeing a nurse,,180.0,0.0,,ğŸ§”ğŸ¿
479,139,50,queue,wait_here_nurse_consult,49.62674563838146,,,,,1.0,56,200,25.0,Seeing a nurse,,200.0,0.0,,ğŸ‘¨ğŸ»â€ğŸ¦¯
480,144,51,queue,wait_here_nurse_consult,51.21425461888144,,,,,2.0,56,200,25.0,Seeing a nurse,,180.0,0.0,,ğŸ§”ğŸ¿
481,139,50,queue,wait_here_nurse_consult,49.62674563838146,,,,,1.0,57,200,25.0,Seeing a nurse,,200.0,0.0,,ğŸ‘¨ğŸ»â€ğŸ¦¯
482,144,51,queue,wait_here_nurse_consult,51.21425461888144,,,,,2.0,57,200,25.0,Seeing a nurse,,180.0,0.0,,ğŸ§”ğŸ¿
